Timestamp,Mac Address,Data
2025-05-20 05:22:40,C0:49:EF:65:3A:24,1
2025-05-20 05:22:42,C0:49:EF:65:3A:24,1
2025-05-20 05:22:44,C0:49:EF:65:3A:24,1
2025-05-20 05:22:46,C0:49:EF:65:3A:24,1
2025-05-20 05:22:48,C0:49:EF:65:3A:24,1
2025-05-20 05:22:50,C0:49:EF:65:3A:24,1
2025-05-20 05:22:52,C0:49:EF:65:3A:24,1
2025-05-20 05:22:54,C0:49:EF:65:3A:24,1
2025-05-20 05:22:56,C0:49:EF:65:3A:24,1
2025-05-20 05:22:58,C0:49:EF:65:3A:24,1
2025-05-20 05:25:11,C0:49:EF:65:3A:24,1
2025-05-20 05:25:13,C0:49:EF:65:3A:24,1
2025-05-20 05:25:15,C0:49:EF:65:3A:24,1
2025-05-20 05:25:17,C0:49:EF:65:3A:24,1
2025-05-20 05:25:19,C0:49:EF:65:3A:24,1
2025-05-20 05:25:21,C0:49:EF:65:3A:24,1
2025-05-20 05:25:23,C0:49:EF:65:3A:24,1
2025-05-20 05:25:25,C0:49:EF:65:3A:24,1
2025-05-20 05:25:27,C0:49:EF:65:3A:24,1
2025-05-20 05:25:29,C0:49:EF:65:3A:24,1
2025-05-20 05:25:31,C0:49:EF:65:3A:24,1
2025-05-20 05:25:33,C0:49:EF:65:3A:24,1
2025-05-20 05:25:35,C0:49:EF:65:3A:24,1
2025-05-20 05:25:37,C0:49:EF:65:3A:24,1
2025-05-20 05:25:39,C0:49:EF:65:3A:24,1
2025-05-20 05:34:01,C0:49:EF:65:3A:24,1
2025-05-20 05:34:03,C0:49:EF:65:3A:24,1
2025-05-20 05:34:05,C0:49:EF:65:3A:24,1
2025-05-20 05:34:07,C0:49:EF:65:3A:24,1
2025-05-20 05:34:09,C0:49:EF:65:3A:24,1
2025-05-20 05:34:11,C0:49:EF:65:3A:24,1
2025-05-20 05:34:13,C0:49:EF:65:3A:24,1
2025-05-20 05:34:15,C0:49:EF:65:3A:24,1
2025-05-20 05:34:17,C0:49:EF:65:3A:24,1
2025-05-20 05:34:19,C0:49:EF:65:3A:24,1
2025-05-20 05:34:21,C0:49:EF:65:3A:24,1
2025-05-20 05:34:23,C0:49:EF:65:3A:24,1
2025-05-20 05:34:25,C0:49:EF:65:3A:24,1
2025-05-20 05:34:27,C0:49:EF:65:3A:24,1
2025-05-20 05:34:29,C0:49:EF:65:3A:24,1
2025-05-20 05:34:31,C0:49:EF:65:3A:24,1
2025-05-20 05:34:33,C0:49:EF:65:3A:24,1
2025-05-20 05:34:35,C0:49:EF:65:3A:24,1
2025-05-20 05:34:37,C0:49:EF:65:3A:24,1
2025-05-20 05:34:39,C0:49:EF:65:3A:24,1
2025-05-20 05:34:41,C0:49:EF:65:3A:24,1
2025-05-20 05:34:43,C0:49:EF:65:3A:24,1
2025-05-20 05:34:45,C0:49:EF:65:3A:24,1
2025-05-20 05:34:47,C0:49:EF:65:3A:24,1
2025-05-20 05:34:49,C0:49:EF:65:3A:24,1
2025-05-20 05:41:45,C0:49:EF:65:3A:24,1
2025-05-20 05:41:47,C0:49:EF:65:3A:24,1
2025-05-20 05:41:49,C0:49:EF:65:3A:24,1
2025-05-20 05:41:51,C0:49:EF:65:3A:24,1
2025-05-20 05:41:53,C0:49:EF:65:3A:24,1
2025-05-20 05:41:55,C0:49:EF:65:3A:24,1
2025-05-20 05:41:57,C0:49:EF:65:3A:24,1
2025-05-20 05:41:59,C0:49:EF:65:3A:24,1
2025-05-20 05:42:01,C0:49:EF:65:3A:24,1
2025-05-20 05:42:03,C0:49:EF:65:3A:24,1
2025-05-20 05:42:05,C0:49:EF:65:3A:24,1
2025-05-20 05:42:09,C0:49:EF:65:3A:24,1
2025-05-20 05:42:09,C0:49:EF:65:3A:24,1
2025-05-20 05:42:11,C0:49:EF:65:3A:24,1
2025-05-20 05:50:39,C0:49:EF:65:3A:24,1
2025-05-20 05:50:41,C0:49:EF:65:3A:24,1
2025-05-20 05:50:43,C0:49:EF:65:3A:24,1
2025-05-20 05:50:45,C0:49:EF:65:3A:24,1
2025-05-20 05:50:47,C0:49:EF:65:3A:24,1
2025-05-20 05:50:49,C0:49:EF:65:3A:24,1
2025-05-20 05:50:51,C0:49:EF:65:3A:24,1
2025-05-20 05:50:53,C0:49:EF:65:3A:24,1
2025-05-20 05:50:55,C0:49:EF:65:3A:24,1
2025-05-20 05:50:57,C0:49:EF:65:3A:24,1
2025-05-20 05:50:59,C0:49:EF:65:3A:24,1
2025-05-20 05:51:01,C0:49:EF:65:3A:24,1
2025-05-20 05:51:03,C0:49:EF:65:3A:24,1
2025-05-20 05:51:05,C0:49:EF:65:3A:24,1
2025-05-20 05:51:07,C0:49:EF:65:3A:24,1
2025-05-20 05:51:09,C0:49:EF:65:3A:24,1
2025-05-20 05:51:11,C0:49:EF:65:3A:24,1
2025-05-20 05:51:13,C0:49:EF:65:3A:24,1
2025-05-20 05:51:15,C0:49:EF:65:3A:24,1
2025-05-20 05:51:17,C0:49:EF:65:3A:24,1
2025-05-20 05:51:19,C0:49:EF:65:3A:24,1
2025-05-20 05:51:21,C0:49:EF:65:3A:24,1
2025-05-20 05:51:23,C0:49:EF:65:3A:24,1
2025-05-20 05:51:25,C0:49:EF:65:3A:24,1
2025-05-20 05:51:27,C0:49:EF:65:3A:24,1
2025-05-20 05:51:29,C0:49:EF:65:3A:24,1
2025-05-20 05:51:31,C0:49:EF:65:3A:24,1
2025-05-20 05:51:33,C0:49:EF:65:3A:24,1
2025-05-20 05:51:35,C0:49:EF:65:3A:24,1
2025-05-20 05:51:37,C0:49:EF:65:3A:24,1
2025-05-20 05:51:39,C0:49:EF:65:3A:24,1
2025-05-20 05:51:41,C0:49:EF:65:3A:24,1
2025-05-20 05:51:43,C0:49:EF:65:3A:24,1
2025-05-20 05:51:45,C0:49:EF:65:3A:24,1
2025-05-20 05:51:48,C0:49:EF:65:3A:24,1
2025-05-20 05:51:49,C0:49:EF:65:3A:24,1
2025-05-20 05:51:51,C0:49:EF:65:3A:24,1
2025-05-20 05:51:53,C0:49:EF:65:3A:24,1
2025-05-20 05:51:55,C0:49:EF:65:3A:24,1
2025-05-20 05:51:57,C0:49:EF:65:3A:24,1
2025-05-20 05:51:59,C0:49:EF:65:3A:24,1
2025-05-20 05:53:40,C0:49:EF:65:3A:24,1
2025-05-20 05:53:42,C0:49:EF:65:3A:24,1
2025-05-20 05:53:44,C0:49:EF:65:3A:24,1
2025-05-20 05:53:46,C0:49:EF:65:3A:24,1
2025-05-20 05:53:48,C0:49:EF:65:3A:24,1
2025-05-20 05:53:50,C0:49:EF:65:3A:24,1
2025-05-20 05:53:52,C0:49:EF:65:3A:24,1
2025-05-20 05:53:54,C0:49:EF:65:3A:24,1
2025-05-20 05:55:38,C0:49:EF:65:3A:24,1
2025-05-20 05:55:40,C0:49:EF:65:3A:24,1
2025-05-20 05:55:42,C0:49:EF:65:3A:24,1
2025-05-20 05:55:44,C0:49:EF:65:3A:24,1
2025-05-20 05:55:46,C0:49:EF:65:3A:24,1
2025-05-20 05:55:48,C0:49:EF:65:3A:24,1
2025-05-20 05:55:50,C0:49:EF:65:3A:24,1
2025-05-20 05:55:52,C0:49:EF:65:3A:24,1
2025-05-20 05:57:10,C0:49:EF:65:3A:24,1
2025-05-20 05:57:12,C0:49:EF:65:3A:24,1
2025-05-20 05:57:14,C0:49:EF:65:3A:24,1
2025-05-20 05:57:16,C0:49:EF:65:3A:24,1
2025-05-20 05:57:16,C0:49:EF:65:3A:24,1
2025-05-20 05:57:26,C0:49:EF:65:3A:24,1
2025-05-20 05:57:26,C0:49:EF:65:3A:24,1
2025-05-20 05:57:26,C0:49:EF:65:3A:24,1
2025-05-20 05:57:26,C0:49:EF:65:3A:24,1
2025-05-20 05:57:26,C0:49:EF:65:3A:24,1
2025-05-20 05:57:26,C0:49:EF:65:3A:24,1
2025-05-20 05:57:26,C0:49:EF:65:3A:24,1
2025-05-20 05:57:26,C0:49:EF:65:3A:24,1
2025-05-20 05:57:26,C0:49:EF:65:3A:24,1
2025-05-20 05:57:26,C0:49:EF:65:3A:24,1
2025-05-20 05:57:28,C0:49:EF:65:3A:24,1
2025-05-20 05:57:28,C0:49:EF:65:3A:24,1
2025-05-20 05:57:30,C0:49:EF:65:3A:24,1
2025-05-20 05:57:30,C0:49:EF:65:3A:24,1
2025-05-20 05:57:32,C0:49:EF:65:3A:24,1
2025-05-20 05:57:32,C0:49:EF:65:3A:24,1
2025-05-20 05:57:34,C0:49:EF:65:3A:24,1
2025-05-20 05:57:34,C0:49:EF:65:3A:24,1
2025-05-20 05:57:36,C0:49:EF:65:3A:24,1
2025-05-20 05:57:38,C0:49:EF:65:3A:24,1
2025-05-20 05:57:40,C0:49:EF:65:3A:24,1
2025-05-20 05:59:08,C0:49:EF:65:3A:24,1
2025-05-20 05:59:10,C0:49:EF:65:3A:24,1
2025-05-20 05:59:12,C0:49:EF:65:3A:24,1
2025-05-20 05:59:48,C0:49:EF:65:3A:24,1
2025-05-20 05:59:50,C0:49:EF:65:3A:24,1
2025-05-20 05:59:52,C0:49:EF:65:3A:24,1
2025-05-20 05:59:54,C0:49:EF:65:3A:24,1
2025-05-20 05:59:56,C0:49:EF:65:3A:24,1
2025-05-20 05:59:58,C0:49:EF:65:3A:24,1
2025-05-20 06:00:00,C0:49:EF:65:3A:24,1
2025-05-20 06:00:02,C0:49:EF:65:3A:24,1
2025-05-20 06:00:04,C0:49:EF:65:3A:24,1
2025-05-20 06:00:06,C0:49:EF:65:3A:24,1
2025-05-20 06:00:08,C0:49:EF:65:3A:24,1
2025-05-20 06:00:10,C0:49:EF:65:3A:24,1
2025-05-20 06:05:23,C0:49:EF:65:3A:24,1
2025-05-20 06:05:25,C0:49:EF:65:3A:24,1
2025-05-20 06:05:28,C0:49:EF:65:3A:24,1
2025-05-20 06:05:30,C0:49:EF:65:3A:24,1
2025-05-20 06:05:32,C0:49:EF:65:3A:24,1
2025-05-20 06:05:34,C0:49:EF:65:3A:24,1
2025-05-20 06:05:36,C0:49:EF:65:3A:24,1
2025-05-20 06:05:38,C0:49:EF:65:3A:24,1
2025-05-20 06:05:40,C0:49:EF:65:3A:24,1
2025-05-20 06:08:56,C0:49:EF:65:3A:24,1
2025-05-20 06:08:58,C0:49:EF:65:3A:24,1
2025-05-20 06:09:00,C0:49:EF:65:3A:24,1
2025-05-20 06:09:02,C0:49:EF:65:3A:24,1
2025-05-20 06:09:04,C0:49:EF:65:3A:24,1
2025-05-20 06:09:06,C0:49:EF:65:3A:24,1
2025-05-20 06:09:08,C0:49:EF:65:3A:24,1
2025-05-20 06:09:10,C0:49:EF:65:3A:24,1
2025-05-20 06:09:12,C0:49:EF:65:3A:24,1
2025-05-20 06:09:14,C0:49:EF:65:3A:24,1
2025-05-20 06:09:16,C0:49:EF:65:3A:24,1
2025-05-20 06:09:18,C0:49:EF:65:3A:24,1
2025-05-20 06:09:20,C0:49:EF:65:3A:24,1
2025-05-20 06:09:22,C0:49:EF:65:3A:24,1
2025-05-20 06:09:24,C0:49:EF:65:3A:24,1
2025-05-20 06:09:26,C0:49:EF:65:3A:24,1
2025-05-20 06:09:28,C0:49:EF:65:3A:24,1
2025-05-20 06:09:30,C0:49:EF:65:3A:24,1
2025-05-20 06:09:32,C0:49:EF:65:3A:24,1
2025-05-20 06:09:34,C0:49:EF:65:3A:24,1
2025-05-20 06:09:36,C0:49:EF:65:3A:24,1
2025-05-20 06:09:38,C0:49:EF:65:3A:24,1
2025-05-20 06:09:40,C0:49:EF:65:3A:24,1
2025-05-20 06:09:42,C0:49:EF:65:3A:24,1
2025-05-20 06:12:22,C0:49:EF:65:3A:24,1
2025-05-20 06:12:24,C0:49:EF:65:3A:24,1
2025-05-20 06:12:26,C0:49:EF:65:3A:24,1
2025-05-20 06:12:28,C0:49:EF:65:3A:24,1
2025-05-20 06:12:30,C0:49:EF:65:3A:24,1
2025-05-20 06:12:32,C0:49:EF:65:3A:24,1
2025-05-20 06:12:34,C0:49:EF:65:3A:24,1
2025-05-20 06:12:36,C0:49:EF:65:3A:24,1
2025-05-20 06:12:38,C0:49:EF:65:3A:24,1
2025-05-20 06:12:40,C0:49:EF:65:3A:24,1
2025-05-20 06:12:42,C0:49:EF:65:3A:24,1
2025-05-20 06:12:44,C0:49:EF:65:3A:24,1
2025-05-20 06:12:46,C0:49:EF:65:3A:24,1
2025-05-20 06:12:48,C0:49:EF:65:3A:24,1
2025-05-20 06:12:50,C0:49:EF:65:3A:24,1
2025-05-20 06:12:52,C0:49:EF:65:3A:24,1
2025-05-20 06:12:54,C0:49:EF:65:3A:24,1
2025-05-20 06:12:56,C0:49:EF:65:3A:24,1
2025-05-20 06:12:58,C0:49:EF:65:3A:24,1
2025-05-20 06:13:00,C0:49:EF:65:3A:24,1
2025-05-20 06:15:14,C0:49:EF:65:3A:24,1
2025-05-20 06:15:16,C0:49:EF:65:3A:24,1
2025-05-20 06:15:18,C0:49:EF:65:3A:24,1
2025-05-20 06:15:20,C0:49:EF:65:3A:24,1
2025-05-20 06:15:22,C0:49:EF:65:3A:24,1
2025-05-20 06:15:24,C0:49:EF:65:3A:24,1
2025-05-20 06:15:26,C0:49:EF:65:3A:24,1
2025-05-20 06:15:28,C0:49:EF:65:3A:24,1
2025-05-20 06:15:30,C0:49:EF:65:3A:24,1
2025-05-20 06:15:32,C0:49:EF:65:3A:24,1
2025-05-20 06:15:34,C0:49:EF:65:3A:24,1
2025-05-20 06:15:36,C0:49:EF:65:3A:24,1
2025-05-20 06:15:38,C0:49:EF:65:3A:24,1
2025-05-20 06:15:40,C0:49:EF:65:3A:24,1
2025-05-20 06:15:42,C0:49:EF:65:3A:24,1
2025-05-20 06:15:44,C0:49:EF:65:3A:24,1
2025-05-20 06:15:46,C0:49:EF:65:3A:24,1
2025-05-20 06:15:48,C0:49:EF:65:3A:24,1
2025-05-20 06:15:50,C0:49:EF:65:3A:24,1
2025-05-20 06:15:52,C0:49:EF:65:3A:24,1
2025-05-20 06:15:54,C0:49:EF:65:3A:24,1
2025-05-20 06:15:56,C0:49:EF:65:3A:24,1
2025-05-20 06:15:58,C0:49:EF:65:3A:24,1
2025-05-20 06:16:00,C0:49:EF:65:3A:24,1
2025-05-20 06:16:02,C0:49:EF:65:3A:24,1
2025-05-20 06:16:04,C0:49:EF:65:3A:24,1
2025-05-20 06:16:06,C0:49:EF:65:3A:24,1
2025-05-20 06:16:08,C0:49:EF:65:3A:24,1
2025-05-20 06:16:10,C0:49:EF:65:3A:24,1
2025-05-20 06:16:12,C0:49:EF:65:3A:24,1
2025-05-20 06:16:14,C0:49:EF:65:3A:24,1
2025-05-20 06:16:16,C0:49:EF:65:3A:24,1
2025-05-20 06:16:18,C0:49:EF:65:3A:24,1
2025-05-20 06:16:20,C0:49:EF:65:3A:24,1
2025-05-20 06:16:22,C0:49:EF:65:3A:24,1
2025-05-20 06:16:24,C0:49:EF:65:3A:24,1
2025-05-20 06:16:26,C0:49:EF:65:3A:24,1
2025-05-20 06:16:28,C0:49:EF:65:3A:24,1
2025-05-20 06:16:30,C0:49:EF:65:3A:24,1
2025-05-20 06:16:32,C0:49:EF:65:3A:24,1
2025-05-20 06:16:34,C0:49:EF:65:3A:24,1
2025-05-20 06:16:36,C0:49:EF:65:3A:24,1
2025-05-20 06:16:38,C0:49:EF:65:3A:24,1
2025-05-20 06:16:40,C0:49:EF:65:3A:24,1
2025-05-20 06:16:42,C0:49:EF:65:3A:24,1
2025-05-20 06:16:44,C0:49:EF:65:3A:24,1
2025-05-20 06:16:46,C0:49:EF:65:3A:24,1
2025-05-20 06:16:48,C0:49:EF:65:3A:24,1
2025-05-20 06:16:50,C0:49:EF:65:3A:24,1
2025-05-20 06:16:52,C0:49:EF:65:3A:24,1
2025-05-20 06:16:54,C0:49:EF:65:3A:24,1
2025-05-20 06:16:56,C0:49:EF:65:3A:24,1
2025-05-20 06:16:58,C0:49:EF:65:3A:24,1
2025-05-20 06:17:00,C0:49:EF:65:3A:24,1
2025-05-20 06:17:02,C0:49:EF:65:3A:24,1
2025-05-20 06:17:04,C0:49:EF:65:3A:24,1
2025-05-20 06:17:06,C0:49:EF:65:3A:24,1
2025-05-20 06:17:08,C0:49:EF:65:3A:24,1
2025-05-20 06:17:10,C0:49:EF:65:3A:24,1
2025-05-20 06:17:12,C0:49:EF:65:3A:24,1
2025-05-20 06:17:14,C0:49:EF:65:3A:24,1
2025-05-20 06:17:16,C0:49:EF:65:3A:24,1
2025-05-20 06:17:18,C0:49:EF:65:3A:24,1
2025-05-20 06:17:20,C0:49:EF:65:3A:24,1
2025-05-20 06:17:22,C0:49:EF:65:3A:24,1
2025-05-20 06:17:24,C0:49:EF:65:3A:24,1
2025-05-20 06:17:26,C0:49:EF:65:3A:24,1
2025-05-20 06:17:28,C0:49:EF:65:3A:24,1
2025-05-20 06:17:30,C0:49:EF:65:3A:24,1
2025-05-20 06:17:32,C0:49:EF:65:3A:24,1
2025-05-20 06:17:34,C0:49:EF:65:3A:24,1
2025-05-20 06:17:36,C0:49:EF:65:3A:24,1
2025-05-20 06:17:38,C0:49:EF:65:3A:24,1
2025-05-20 06:17:40,C0:49:EF:65:3A:24,1
2025-05-20 06:17:42,C0:49:EF:65:3A:24,1
2025-05-20 06:17:44,C0:49:EF:65:3A:24,1
2025-05-20 06:17:46,C0:49:EF:65:3A:24,1
2025-05-20 06:17:48,C0:49:EF:65:3A:24,1
2025-05-20 06:17:50,C0:49:EF:65:3A:24,1
2025-05-20 06:17:52,C0:49:EF:65:3A:24,1
2025-05-20 06:17:54,C0:49:EF:65:3A:24,1
2025-05-20 06:17:56,C0:49:EF:65:3A:24,1
2025-05-20 06:17:58,C0:49:EF:65:3A:24,1
2025-05-20 06:18:00,C0:49:EF:65:3A:24,1
2025-05-20 06:18:02,C0:49:EF:65:3A:24,1
2025-05-20 06:18:04,C0:49:EF:65:3A:24,1
2025-05-20 06:19:20,C0:49:EF:65:3A:24,1
2025-05-20 06:19:22,C0:49:EF:65:3A:24,1
2025-05-20 06:19:24,C0:49:EF:65:3A:24,1
2025-05-20 06:19:26,C0:49:EF:65:3A:24,1
2025-05-20 06:19:28,C0:49:EF:65:3A:24,1
2025-05-20 06:19:30,C0:49:EF:65:3A:24,1
2025-05-20 06:19:32,C0:49:EF:65:3A:24,1
2025-05-20 06:19:34,C0:49:EF:65:3A:24,1
2025-05-20 06:19:36,C0:49:EF:65:3A:24,1
2025-05-20 06:19:38,C0:49:EF:65:3A:24,1
2025-05-20 06:19:40,C0:49:EF:65:3A:24,1
2025-05-20 06:19:42,C0:49:EF:65:3A:24,1
2025-05-20 06:19:44,C0:49:EF:65:3A:24,1
2025-05-20 06:19:46,C0:49:EF:65:3A:24,1
2025-05-20 06:19:48,C0:49:EF:65:3A:24,1
2025-05-20 06:23:26,C0:49:EF:65:3A:24,1
2025-05-20 06:23:28,C0:49:EF:65:3A:24,1
2025-05-20 06:23:30,C0:49:EF:65:3A:24,1
2025-05-20 06:23:32,C0:49:EF:65:3A:24,1
2025-05-20 06:23:34,C0:49:EF:65:3A:24,1
2025-05-20 06:23:36,C0:49:EF:65:3A:24,1
2025-05-20 06:23:38,C0:49:EF:65:3A:24,1
2025-05-20 06:23:40,C0:49:EF:65:3A:24,1
2025-05-20 06:23:42,C0:49:EF:65:3A:24,1
2025-05-20 06:23:44,C0:49:EF:65:3A:24,1
2025-05-20 06:23:46,C0:49:EF:65:3A:24,1
2025-05-20 06:23:48,C0:49:EF:65:3A:24,1
2025-05-20 06:23:50,C0:49:EF:65:3A:24,1
2025-05-20 06:23:52,C0:49:EF:65:3A:24,1
2025-05-20 06:23:54,C0:49:EF:65:3A:24,1
2025-05-20 06:23:56,C0:49:EF:65:3A:24,1
2025-05-20 06:23:58,C0:49:EF:65:3A:24,1
2025-05-20 06:24:00,C0:49:EF:65:3A:24,1
2025-05-20 06:24:02,C0:49:EF:65:3A:24,1
2025-05-20 06:24:04,C0:49:EF:65:3A:24,1
2025-05-20 06:24:06,C0:49:EF:65:3A:24,1
2025-05-20 06:24:08,C0:49:EF:65:3A:24,1
2025-05-20 06:24:10,C0:49:EF:65:3A:24,1
2025-05-20 06:24:12,C0:49:EF:65:3A:24,1
2025-05-20 06:24:14,C0:49:EF:65:3A:24,1
2025-05-20 06:24:16,C0:49:EF:65:3A:24,1
2025-05-20 06:24:18,C0:49:EF:65:3A:24,1
2025-05-20 06:24:20,C0:49:EF:65:3A:24,1
2025-05-20 06:24:22,C0:49:EF:65:3A:24,1
2025-05-20 06:24:24,C0:49:EF:65:3A:24,1
2025-05-20 06:24:26,C0:49:EF:65:3A:24,1
2025-05-20 06:24:28,C0:49:EF:65:3A:24,1
2025-05-20 06:24:30,C0:49:EF:65:3A:24,1
2025-05-20 06:24:32,C0:49:EF:65:3A:24,1
2025-05-20 06:24:34,C0:49:EF:65:3A:24,1
2025-05-20 06:24:36,C0:49:EF:65:3A:24,1
2025-05-20 06:24:38,C0:49:EF:65:3A:24,1
2025-05-20 06:24:40,C0:49:EF:65:3A:24,1
2025-05-20 06:24:42,C0:49:EF:65:3A:24,1
2025-05-20 06:24:44,C0:49:EF:65:3A:24,1
2025-05-20 06:24:46,C0:49:EF:65:3A:24,1
2025-05-20 06:24:48,C0:49:EF:65:3A:24,1
2025-05-20 06:24:50,C0:49:EF:65:3A:24,1
2025-05-20 06:24:52,C0:49:EF:65:3A:24,1
2025-05-20 06:24:54,C0:49:EF:65:3A:24,1
